<?xml version="1.0" encoding="UTF-8"?>
<beans xmlns="http://www.springframework.org/schema/beans"
	xmlns:xsi="http://www.w3.org/2001/XMLSchema-instance"
	xmlns:context="http://www.springframework.org/schema/context"
	xsi:schemaLocation="http://www.springframework.org/schema/beans http://www.springframework.org/schema/beans/spring-beans.xsd
		http://www.springframework.org/schema/context http://www.springframework.org/schema/context/spring-context-4.3.xsd">

	<!-- 빈을 등록할 패키지 지정 -->
	<context:component-scan base-package="kr.human.di"/>
	<!-- 프로퍼티 파일 사용하겠다 -->
	<context:property-placeholder location="classpath:jdbc.properties"/>

	<!-- DB 연결 -->
	<!-- maria DB 연결 -->
	<bean id="dataSource" class="org.springframework.jdbc.datasource.DriverManagerDataSource">
		<property name="driverClassName" value="${m.driver}"/>
		<property name="url" value="${m.url}"/>
		<property name="username" value="${m.username}"/>
		<property name="password" value="${m.password}"/>
	</bean>
	
	<!-- 오라클 DB 연결 -->
	<!--  
	<bean id="dataSource" class="org.springframework.jdbc.datasource.DriverManagerDataSource">
		<property name="driverClassName" value="${o.driver}"/>
		<property name="url" value="${o.url}"/>
		<property name="username" value="${o.username}"/>
		<property name="password" value="${o.password}"/>
	</bean>
	-->
	
	<!-- Jdbc Template 등록 -->
	<!-- 
	<bean id="jdbcTemplate" class="org.springframework.jdbc.core.JdbcTemplate">
		<property name="dataSource" ref="dataSource"/>
	</bean>
	-->
	<!-- ibatis 객체 등록 -->
	<!-- 
	<bean id="sqlMapClient" class="org.springframework.orm.ibatis.SqlMapClientFactoryBean">
		<property name="dataSource" ref="dataSource"/>
		<property name="configLocation" value="classpath:SqlMapConfig.xml"/>
	</bean>
	 -->
	
	<!-- Mybatis 객체 등록 -->
	<bean id="sqlSessionFactory" class="org.mybatis.spring.SqlSessionFactoryBean">
		<property name="dataSource" ref="dataSource"/>
		<property name="typeAliasesPackage" value="kr.human.di.vo"/>
		<property name="mapperLocations" value="classpath:/kr/human/di/dao/*.xml"/>
	</bean> 
	<!-- mybatis가 자동으로 만들어 주니까 필요없다 -->
	<!--
	<bean id="sqlSession" class="org.mybatis.spring.SqlSessionFactoryBean">
		<constructor-arg name="sqlSessionFactory" ref="sqlSessionFactory"/>
	</bean> 
	-->
	<!-- 이것을 추가해야 DAOImpl을 만들지 않아도 된다. -->
	<!-- ref는 객체, sqlSessionFactoryBeanName에는 들어갈수 없다. 그래서 그냥 String형인 value를 입력 -->
	<bean class="org.mybatis.spring.mapper.MapperScannerConfigurer">
		<property name="basePackage" value="kr.human.di.dao"/>
		<property name="sqlSessionFactoryBeanName" value="sqlSessionFactory"/>
	</bean>
</beans>
